{"stats":{"minecraft:used":{"minecraft:white_wool":1,"lanzas:lanzahierro":7,"minecraft:netherite_sword":8,"lanzas:lanzanetherite":9,"minecraft:dirt":1,"minecraft:crafting_table":1,"lanzas:lanzapiedra":4,"lanzas:lanzamadera":18,"lanzas:prueba":2,"lanzas:lanzadiamante":8},"minecraft:custom":{"minecraft:time_since_rest":34332,"minecraft:crouch_one_cm":167,"minecraft:play_time":34332,"minecraft:sprint_one_cm":33413,"minecraft:walk_one_cm":45016,"minecraft:sneak_time":77,"minecraft:walk_under_water_one_cm":217,"minecraft:mob_kills":22,"minecraft:drop":2,"minecraft:jump":230,"minecraft:damage_dealt":2040,"minecraft:leave_game":17,"minecraft:time_since_death":34332,"minecraft:walk_on_water_one_cm":2790,"minecraft:total_world_time":42963,"minecraft:interact_with_crafting_table":3,"minecraft:fall_one_cm":627,"minecraft:fly_one_cm":89413},"minecraft:dropped":{"minecraft:diamond_sword":1},"minecraft:picked_up":{"minecraft:leather":4,"minecraft:diamond_sword":1,"minecraft:beef":5,"minecraft:porkchop":17,"minecraft:black_wool":1,"minecraft:mutton":9,"minecraft:dirt":1,"minecraft:white_wool":8},"minecraft:mined":{"minecraft:grass_block":1,"minecraft:white_wool":1},"minecraft:killed":{"minecraft:sheep":8,"minecraft:pig":11,"minecraft:cow":3}},"DataVersion":3105}